[
  { "sigla": "ALAR", "nome": "Alagoas (AL)" },
  { "sigla": "ALMC", "nome": "Arapiraca (AL)" },
  { "sigla": "AMCO", "nome": "Coari (AM)" },
  { "sigla": "AMHA", "nome": "Humaitá (AM)" },
  { "sigla": "AMPT", "nome": "Parintins (AM)" },
  { "sigla": "AMTE", "nome": "Tefé (AM)" },
  { "sigla": "AMUA", "nome": "Uarini (AM)" },
  { "sigla": "APLJ", "nome": "Amapá (AP)" },
  { "sigla": "APMA", "nome": "Macapá (AP)" },
  { "sigla": "BABJ", "nome": "Bom Jesus da Lapa (BA)" },
  { "sigla": "BABR", "nome": "Barreiras (BA)" },
  { "sigla": "BAIC", "nome": "Itaberaba (BA)" },
  { "sigla": "BAIT", "nome": "Itabuna (BA)" },
  { "sigla": "BAPA", "nome": "Paulo Afonso (BA)" },
  { "sigla": "BAVC", "nome": "Vitória da Conquista (BA)" },
  { "sigla": "BEPA", "nome": "Parauapebas (PA)" },
  { "sigla": "BOAV", "nome": "Boa Vista (RR)" },
  { "sigla": "BRAZ", "nome": "Brasília (DF)" },
  { "sigla": "CEFE", "nome": "Fortaleza (CE)" },
  { "sigla": "CEFT", "nome": "Fortim (CE)" },
  { "sigla": "CHPI", "nome": "Chapadinha (MA)" },
  { "sigla": "CORU", "nome": "Corumbá (MS)" },
  { "sigla": "CRAT", "nome": "Crato (CE)" },
  { "sigla": "CUIB", "nome": "Cuiabá (MT)" },
  { "sigla": "EACH", "nome": "São Paulo - EACH (SP)" },
  { "sigla": "EESC", "nome": "São Carlos (SP)" },
  { "sigla": "ESNV", "nome": "Nova Venécia (ES)" },
  { "sigla": "GOGY", "nome": "Goiás (GO)" },
  { "sigla": "GOJA", "nome": "Jataí (GO)" },
  { "sigla": "GOUR", "nome": "Uruaçu (GO)" },
  { "sigla": "GUAI", "nome": "Guaira (PR)" },
  { "sigla": "IFSC", "nome": "Florianópolis (SC)" },
  { "sigla": "ILHA", "nome": "Ilha Solteira (SP)" },
  { "sigla": "IMPZ", "nome": "Imperatriz (MA)" },
  { "sigla": "ITAI", "nome": "Itaipu (PR)" },
  { "sigla": "MABB", "nome": "Bambuí (MG)" },
  { "sigla": "MGGV", "nome": "Governador Valadares (MG)" },
  { "sigla": "MGIN", "nome": "Itabira (MG)" },
  { "sigla": "MGJA", "nome": "Januária (MG)" },
  { "sigla": "MGJF", "nome": "Juiz de Fora (MG)" },
  { "sigla": "MGJP", "nome": "João Pinheiro (MG)" },
  { "sigla": "MGLA", "nome": "Lavras (MG)" },
  { "sigla": "MGMC", "nome": "Montes Claros (MG)" },
  { "sigla": "MGMT", "nome": "Monte Alegre de Minas (MG)" },
  { "sigla": "MGRP", "nome": "Raposos (MG)" },
  { "sigla": "MGTO", "nome": "Teófilo Otoni (MG)" },
  { "sigla": "MGUB", "nome": "Uberlândia (MG)" },
  { "sigla": "MSDR", "nome": "Dourados (MS)" },
  { "sigla": "MSGR", "nome": "Campo Grande (MS)" },
  { "sigla": "MSMN", "nome": "Miranda (MS)" },
  { "sigla": "MTCA", "nome": "Cáceres (MT)" },
  { "sigla": "MTGA", "nome": "Guarantã do Norte (MT)" },
  { "sigla": "MTJI", "nome": "Juína (MT)" },
  { "sigla": "MTLA", "nome": "Lucas do Rio Verde (MT)" },
  { "sigla": "MTLE", "nome": "Leste (MT)" },
  { "sigla": "MTSR", "nome": "Sinop (MT)" },
  { "sigla": "NAUS", "nome": "Nauas (AC)" },
  { "sigla": "NEIA", "nome": "Neia (PA)" },
  { "sigla": "ONRJ", "nome": "Observatório Nacional (RJ)" },
  { "sigla": "PAIT", "nome": "Itaituba (PA)" },
  { "sigla": "PASM", "nome": "Santana (AP)" },
  { "sigla": "PBCG", "nome": "Campina Grande (PB)" },
  { "sigla": "PBJP", "nome": "João Pessoa (PB)" },
  { "sigla": "PBPT", "nome": "Patos (PB)" },
  { "sigla": "PEAF", "nome": "Afogados da Ingazeira (PE)" },
  { "sigla": "PEPE", "nome": "Petrolina (PE)" },
  { "sigla": "PERC", "nome": "Recife (PE)" },
  { "sigla": "POAL", "nome": "Porto Alegre (RS)" },
  { "sigla": "POLI", "nome": "São Paulo - POLI (SP)" },
  { "sigla": "PRCL", "nome": "Clevelândia (PR)" },
  { "sigla": "PRGU", "nome": "Curitiba (PR)" },
  { "sigla": "PRMA", "nome": "Maringá (PR)" },
  { "sigla": "PRUR", "nome": "Umuarama (PR)" },
  { "sigla": "RJCG", "nome": "Campos dos Goytacazes (RJ)" },
  { "sigla": "RJFB", "nome": "Friburgo (RJ)" },
  { "sigla": "RJNI", "nome": "Niterói (RJ)" },
  { "sigla": "RNNA", "nome": "Natal (RN)" },
  { "sigla": "ROGU", "nome": "Guajará-Mirim (RO)" },
  { "sigla": "ROJI", "nome": "Ji-Paraná (RO)" },
  { "sigla": "RSCL", "nome": "Caxias do Sul (RS)" },
  { "sigla": "RSPE", "nome": "Pelotas (RS)" },
  { "sigla": "RSPF", "nome": "Passo Fundo (RS)" },
  { "sigla": "RSSL", "nome": "Santa Rosa (RS)" },
  { "sigla": "SCAQ", "nome": "Araranguá (SC)" },
  { "sigla": "SCBL", "nome": "Blumenau (SC)" },
  { "sigla": "SCCA", "nome": "Canoinhas (SC)" },
  { "sigla": "SCCH", "nome": "Chapecó (SC)" },
  { "sigla": "SCCR", "nome": "Criciúma (SC)" },
  { "sigla": "SCFL", "nome": "Florianópolis (SC)" },
  { "sigla": "SCIM", "nome": "Itajaí (SC)" },
  { "sigla": "SCLA", "nome": "Lages (SC)" },
  { "sigla": "SEAJ", "nome": "Aracaju (SE)" },
  { "sigla": "SPBO", "nome": "Bauru (SP)" },
  { "sigla": "SPDR", "nome": "Dracena (SP)" },
  { "sigla": "SPJA", "nome": "Jales (SP)" },
  { "sigla": "SPLI", "nome": "Limeira (SP)" },
  { "sigla": "SPOR", "nome": "Ourinhos (SP)" },
  { "sigla": "SPS1", "nome": "São Paulo (SP)" },
  { "sigla": "SSA1", "nome": "Salvador (BA)" },
  { "sigla": "STHA", "nome": "Itanhaém (SP)" },
  { "sigla": "TOGU", "nome": "Gurupi (TO)" },
  { "sigla": "TOPL", "nome": "Palmas (TO)" },
  { "sigla": "UBA1", "nome": "Uberaba (MG)" },
  { "sigla": "UFPR", "nome": "Universidade Federal do Paraná (PR)" },
  { "sigla": "VICO", "nome": "Vitória (ES)" }
]
